Nombre,Im√°genes,Publicado
office-Notas2,https://pronta.com.py/wp-content/uploads/2024/06/office-Notas2,1
office-bloc-de-notas-secreto-personalizado-1,https://pronta.com.py/wp-content/uploads/2024/06/office-bloc-de-notas-secreto-personalizado-1,1
hogar-guampaforradaencuerina2128,https://pronta.com.py/wp-content/uploads/2024/06/hogar-guampaforradaencuerina2128,1
kg-Quepis-Blanca,https://pronta.com.py/wp-content/uploads/2024/06/kg-Quepis-Blanca,1
office-Lapices-Color,https://pronta.com.py/wp-content/uploads/2024/06/office-Lapices-Color,1
office-Marcador-Pagina4,https://pronta.com.py/wp-content/uploads/2024/06/office-Marcador-Pagina4,1
office-Boligrafos-1212,https://pronta.com.py/wp-content/uploads/2024/06/office-Boligrafos-1212,1
hogar-caja-bandeja,https://pronta.com.py/wp-content/uploads/2024/06/hogar-caja-bandeja,1
office-Notas,https://pronta.com.py/wp-content/uploads/2024/06/office-Notas,1
office-Boligrafos-CECG2019,https://pronta.com.py/wp-content/uploads/2024/06/office-Boligrafos-CECG2019,1
hogar-espatuladesiliconaparagrabadolaser,https://pronta.com.py/wp-content/uploads/2024/06/hogar-espatuladesiliconaparagrabadolaser,1
office-Boligrafo-Negro-Clip,https://pronta.com.py/wp-content/uploads/2024/06/office-Boligrafo-Negro-Clip,1
office-Boligrafos-Rojo-Azul-Amarillo,https://pronta.com.py/wp-content/uploads/2024/06/office-Boligrafos-Rojo-Azul-Amarillo,1
kg-Quepis-Roja-1,https://pronta.com.py/wp-content/uploads/2024/06/kg-Quepis-Roja-1,1
electronicos-pendrive-Bambu-16gb,https://pronta.com.py/wp-content/uploads/2024/06/electronicos-pendrive-Bambu-16gb,1
hogar-platodemadera,https://pronta.com.py/wp-content/uploads/2024/06/hogar-platodemadera,1
office-Tubo-Lapices-Color,https://pronta.com.py/wp-content/uploads/2024/06/office-Tubo-Lapices-Color,1
hogar-guampa2127,https://pronta.com.py/wp-content/uploads/2024/06/hogar-guampa2127,1
office-portaposticcontapacod,https://pronta.com.py/wp-content/uploads/2024/06/office-portaposticcontapacod,1
office-Bloc-Notas2,https://pronta.com.py/wp-content/uploads/2024/06/office-Bloc-Notas2,1
hogar-delantal-1,https://pronta.com.py/wp-content/uploads/2024/06/hogar-delantal-1,1
hogar-mateconbombilla2323,https://pronta.com.py/wp-content/uploads/2024/06/hogar-mateconbombilla2323,1
office-Boligrafo-Negro,https://pronta.com.py/wp-content/uploads/2024/06/office-Boligrafo-Negro,1
office-Marcador-Pagina2,https://pronta.com.py/wp-content/uploads/2024/06/office-Marcador-Pagina2,1
hogar-bombilla,https://pronta.com.py/wp-content/uploads/2024/06/hogar-bombilla,1
kg-Gorra-Sarga,https://pronta.com.py/wp-content/uploads/2024/06/kg-Gorra-Sarga,1
office-Tubo-Lapices-Color3,https://pronta.com.py/wp-content/uploads/2024/06/office-Tubo-Lapices-Color3,1
office-notitas,https://pronta.com.py/wp-content/uploads/2024/06/office-notitas,1
electronicos-pendrive-Aceite-Helix-16gb1,https://pronta.com.py/wp-content/uploads/2024/06/electronicos-pendrive-Aceite-Helix-16gb1,1
hogar-espatuladecocinaparagrabadolaser,https://pronta.com.py/wp-content/uploads/2024/06/hogar-espatuladecocinaparagrabadolaser,1
kg-Quepis-Sublimables1-1,https://pronta.com.py/wp-content/uploads/2024/06/kg-Quepis-Sublimables1-1,1
viajes-Organizador-Maleta1,https://pronta.com.py/wp-content/uploads/2024/06/viajes-Organizador-Maleta1,1
kg-Gorro-Doble-Faz-BlancoyNegro,https://pronta.com.py/wp-content/uploads/2024/06/kg-Gorro-Doble-Faz-BlancoyNegro,1
kg-Quepis-Roja,https://pronta.com.py/wp-content/uploads/2024/06/kg-Quepis-Roja,1
office-ponerconlamismaimagen,https://pronta.com.py/wp-content/uploads/2024/06/office-ponerconlamismaimagen,1
office-Porta-Credencial,https://pronta.com.py/wp-content/uploads/2024/06/office-Porta-Credencial,1
kg-Quepis-Sublimables1,https://pronta.com.py/wp-content/uploads/2024/06/kg-Quepis-Sublimables1,1
office-poneronlaimagenyaesta,https://pronta.com.py/wp-content/uploads/2024/06/office-poneronlaimagenyaesta,1
hogar-tablademadera,https://pronta.com.py/wp-content/uploads/2024/06/hogar-tablademadera,1
kg-Gorro-Pescador,https://pronta.com.py/wp-content/uploads/2024/06/kg-Gorro-Pescador,1
office-Boligrafo-Rojo,https://pronta.com.py/wp-content/uploads/2024/06/office-Boligrafo-Rojo,1
office-Boligrafo-Azul-Clip,https://pronta.com.py/wp-content/uploads/2024/06/office-Boligrafo-Azul-Clip,1
hogar-bandejasovaladas,https://pronta.com.py/wp-content/uploads/2024/06/hogar-bandejasovaladas,1
office-Tubo-Lapices-Color2,https://pronta.com.py/wp-content/uploads/2024/06/office-Tubo-Lapices-Color2,1
kg-Quepis-Azul,https://pronta.com.py/wp-content/uploads/2024/06/kg-Quepis-Azul,1
kg-Todos-Quepis,https://pronta.com.py/wp-content/uploads/2024/06/kg-Todos-Quepis,1
hogar-guampas2123,https://pronta.com.py/wp-content/uploads/2024/06/hogar-guampas2123,1
hogar-espatulasdemaderaparagrabadolaser,https://pronta.com.py/wp-content/uploads/2024/06/hogar-espatulasdemaderaparagrabadolaser,1
office-Marcador-Pagina3,https://pronta.com.py/wp-content/uploads/2024/06/office-Marcador-Pagina3,1
office-Boligrafos-Nuevos-colores,https://pronta.com.py/wp-content/uploads/2024/06/office-Boligrafos-Nuevos-colores,1
hogar-delantal,https://pronta.com.py/wp-content/uploads/2024/06/hogar-delantal,1
hogar-termoconguapa,https://pronta.com.py/wp-content/uploads/2024/06/hogar-termoconguapa,1
kg-Gorro-Corderoy,https://pronta.com.py/wp-content/uploads/2024/06/kg-Gorro-Corderoy,1
office-Boligrafo-Azul,https://pronta.com.py/wp-content/uploads/2024/06/office-Boligrafo-Azul,1
office-anillado-100hojas,https://pronta.com.py/wp-content/uploads/2024/06/office-anillado-100hojas,1
hogar-manopla,https://pronta.com.py/wp-content/uploads/2024/06/hogar-manopla,1
electronicos-pendriveHikvision-16gb,https://pronta.com.py/wp-content/uploads/2024/06/electronicos-pendriveHikvision-16gb,1
hogar-guampadepalosanto,https://pronta.com.py/wp-content/uploads/2024/06/hogar-guampadepalosanto,1
hogar-cuchilloindividualparaasadosegrabaenelmetalymadera,https://pronta.com.py/wp-content/uploads/2024/06/hogar-cuchilloindividualparaasadosegrabaenelmetalymadera,1
kg-Quepis-Sublimables1-2,https://pronta.com.py/wp-content/uploads/2024/06/kg-Quepis-Sublimables1-2,1
hogar-tablaparapiza,https://pronta.com.py/wp-content/uploads/2024/06/hogar-tablaparapiza,1
viajes-Organizador-Maleta2,https://pronta.com.py/wp-content/uploads/2024/06/viajes-Organizador-Maleta2,1
office-ponerconlaimagendelblocknegro,https://pronta.com.py/wp-content/uploads/2024/06/office-ponerconlaimagendelblocknegro,1
office-Marcador-Pagina1,https://pronta.com.py/wp-content/uploads/2024/06/office-Marcador-Pagina1,1
kg-Quepis-Negra,https://pronta.com.py/wp-content/uploads/2024/06/kg-Quepis-Negra,1
office-porta-celularrr,https://pronta.com.py/wp-content/uploads/2024/06/office-porta-celularrr,1
hogar-manopla-de-tela-vertical,https://pronta.com.py/wp-content/uploads/2024/06/hogar-manopla-de-tela-vertical,1
hogar-guampa2124,https://pronta.com.py/wp-content/uploads/2024/06/hogar-guampa2124,1
electronicos-pendrive-Coca-Cola-16gb,https://pronta.com.py/wp-content/uploads/2024/06/electronicos-pendrive-Coca-Cola-16gb,1
office-Boligrafos-508,https://pronta.com.py/wp-content/uploads/2024/06/office-Boligrafos-508,1
kg-Gorro-Doble-Faz-AmarilloyNegro,https://pronta.com.py/wp-content/uploads/2024/06/kg-Gorro-Doble-Faz-AmarilloyNegro,1
kg-Quepis-Negra-1,https://pronta.com.py/wp-content/uploads/2024/06/kg-Quepis-Negra-1,1
office-Bloc-Notas1,https://pronta.com.py/wp-content/uploads/2024/06/office-Bloc-Notas1,1
office-Boligrafos-3011B,https://pronta.com.py/wp-content/uploads/2024/06/office-Boligrafos-3011B,1
kg-Gorro-Para-Bordar,https://pronta.com.py/wp-content/uploads/2024/06/kg-Gorro-Para-Bordar,1
electronicos-pendrive,https://pronta.com.py/wp-content/uploads/2024/06/electronicos-pendrive,1
electronicos-speaker,https://pronta.com.py/wp-content/uploads/2024/06/electronicos-speaker,1
viajes-Neceser-Viaje1,https://pronta.com.py/wp-content/uploads/2024/06/viajes-Neceser-Viaje1,1
hogar-cuchillotenedorytablaparagrabadolaser,https://pronta.com.py/wp-content/uploads/2024/06/hogar-cuchillotenedorytablaparagrabadolaser,1
hogar-manoplas-cocina-sublimables,https://pronta.com.py/wp-content/uploads/2024/06/hogar-manoplas-cocina-sublimables,1
office-Porta-Stick,https://pronta.com.py/wp-content/uploads/2024/06/office-Porta-Stick,1
hogar-guampa2129,https://pronta.com.py/wp-content/uploads/2024/06/hogar-guampa2129,1
office-Boligrafo-Naranja-Clip,https://pronta.com.py/wp-content/uploads/2024/06/office-Boligrafo-Naranja-Clip,1
hogar-delantal-liso-colores,https://pronta.com.py/wp-content/uploads/2024/06/hogar-delantal-liso-colores,1
hogar-guampa2125,https://pronta.com.py/wp-content/uploads/2024/06/hogar-guampa2125,1
electronicos-pendrive-aceddian-16gb,https://pronta.com.py/wp-content/uploads/2024/06/electronicos-pendrive-aceddian-16gb,1
office-Boligrafo-Amarillo,https://pronta.com.py/wp-content/uploads/2024/06/office-Boligrafo-Amarillo,1
office-Tubo-lapiz,https://pronta.com.py/wp-content/uploads/2024/06/office-Tubo-lapiz,1
